stationname,latitude,longitude
39 St & 2 Ave - Citi Bike HQ at Industry City,40.6554,-74.0106
Industry City  Building 1 Basement,40.6559,-74.0084
2 Ave & 36 St - Citi Bike HQ at Industry City,40.6571,-74.0087
West Drive & Prospect Park West,40.6611,-73.9795
14 St & 7 Ave,40.6638,-73.984
Prospect Park West & 8 St,40.6651,-73.9764
10 St & 7 Ave,40.6662,-73.982
6 Ave & 12 St,40.6663,-73.9855
14 St & 5 Ave,40.6663,-73.989
6 Ave & 9 St,40.6681,-73.9838
3 St & Prospect Park West,40.6681,-73.9736
3 Ave & 14 St,40.6685,-73.9933
12 St & 4 Ave,40.6686,-73.9904
10 St & 5 Ave,40.6686,-73.987
6 St & 7 Ave,40.6687,-73.9799
NYCBS Depot - GOW Annex,40.6689,-73.9948
NYCBS Depot - GOW,40.6691,-73.9946
Expansion Tech Station,40.6698,-73.9949
Gowanus Tech Station,40.6698,-73.9949
GOW Tech Shop,40.6698,-73.995
3 St & 7 Ave,40.6704,-73.9784
4 Ave & 9 St,40.6705,-73.9888
5 St & 6 Ave,40.6705,-73.9821
7 St & 5 Ave,40.6705,-73.9854
Garfield Pl & 8 Ave,40.6712,-73.9748
2 Ave & 9 St,40.6725,-73.9933
Henry St & Bay St,40.6725,-74.0049
7 St & 3 Ave,40.6726,-73.9898
Sigourney St & Columbia St,40.6727,-74.0088
5 Ave & 3 St,40.6728,-73.9835
Grand Army Plaza & Plaza St West,40.673,-73.9709
Dwight St & Van Dyke St,40.6736,-74.012
Carroll St & 6 Ave,40.6741,-73.9787
Clinton St & Centre St,40.6743,-74.0019
4 Ave & 2 St,40.6746,-73.985
Columbia St & Lorraine St,40.6747,-74.0076
Smith St & 9 St,40.6747,-73.9979
Reed St & Van Brunt St,40.6748,-74.0161
Plaza St West & Flatbush Ave,40.675,-73.9711
Berkeley Pl & 7 Ave,40.6751,-73.9752
3 St & 3 Ave,40.6751,-73.9878
Carroll St & 5 Ave,40.6752,-73.9815
Wolcott St & Dwight St,40.6753,-74.0101
Court St & Nelson St,40.6764,-73.9987
Henry St & W 9 St,40.6764,-74.0032
Berkeley Pl & 6 Ave,40.6765,-73.9785
Columbia St & W 9 St,40.677,-74.0065
Coffey St & Conover St,40.6772,-74.0157
Union St & 4 Ave,40.6773,-73.9828
Van Brunt St & Wolcott St,40.6773,-74.0128
7 Ave & Park Pl,40.6776,-73.9732
3 St & Hoyt St,40.6777,-73.9936
Pioneer St & Richards St,40.6778,-74.0095
Clinton St & 4 Place,40.6784,-74.0001
Carroll St & Bond St,40.6786,-73.9904
Smith St & 3 St,40.6787,-73.996
Kingston Ave & Herkimer St,40.6789,-73.9414
Pioneer St & Van Brunt St,40.679,-74.0112
Union St & Nevins St,40.6791,-73.9877
Prospect Pl & 6 Ave,40.6793,-73.9752
Douglass St & 4 Ave,40.6793,-73.9815
Richards St & Delavan St,40.6794,-74.0079
Fulton St & Utica Ave,40.6794,-73.9299
Baltic St & 5 Ave,40.6796,-73.9785
Albany Ave & Fulton St,40.68,-73.9385
Douglass St & 3 Ave,40.6802,-73.9843
Lefferts Pl & Franklin Ave,40.6803,-73.9558
Verona Pl & Fulton St,40.6804,-73.9477
Carroll St & Smith St,40.6806,-73.9948
Bergen St & Flatbush Ave,40.6809,-73.9757
Macon St & Nostrand Ave,40.681,-73.95
1 Pl & Clinton St,40.681,-73.9991
Commerce St & Van Brunt St,40.6812,-74.0086
Lewis Ave & Decatur St,40.6815,-73.9349
Degraw St & Hoyt St,40.682,-73.9908
Hancock St & Bedford Ave,40.6822,-73.954
Fulton St & Grand Ave,40.6822,-73.9615
Halsey St & Tompkins Ave,40.6824,-73.9441
Marcus Garvey Blvd & Macon St,40.6826,-73.938
President St & Henry St,40.6828,-73.9999
Wyckoff St & 3 Ave,40.6828,-73.9826
Degraw St & Smith St,40.6829,-73.9932
Carroll St & Columbia St,40.683,-74.0035
Fulton St & Washington Ave,40.683,-73.9649
Clinton St & Union St,40.6831,-73.9979
Dean St & 4 Ave,40.6831,-73.979
Fulton St & Waverly Ave,40.6832,-73.966
Atlantic Ave & Fort Greene Pl,40.6838,-73.9763
Putnam Ave & Nostrand Ave,40.684,-73.9498
Fulton St & Clermont Ave,40.6842,-73.9692
Hoyt St & Warren St,40.6844,-73.989
Monroe St & Classon Ave,40.6846,-73.9588
Henry St & Degraw St,40.6848,-73.9992
Cambridge Pl & Gates Ave,40.6849,-73.963
Butler St & Court St,40.685,-73.9944
Bond St & Bergen St,40.685,-73.9862
Picnic Point,40.6851,-74.0254
Hanson Pl & Ashland Pl,40.6851,-73.9779
Monroe St & Bedford Ave,40.6851,-73.9538
Putnam Ave & Throop Ave,40.6852,-73.9411
S Portland Ave & Hanson Pl,40.6854,-73.9743
Pacific St & Nevins St,40.6854,-73.983
Columbia St & Degraw St,40.6859,-74.0024
Kane St & Clinton St,40.6862,-73.9965
Monroe St & Tompkins Ave,40.6862,-73.9447
Lewis Ave & Madison St,40.6863,-73.9358
Dean St & Hoyt St,40.6864,-73.9876
Warren St & Court St,40.6864,-73.9938
Washington Ave & Greene Ave,40.6865,-73.9656
Bergen St & Smith St,40.6867,-73.9906
Schermerhorn St & 3 Ave,40.6868,-73.9804
Lexington Ave & Classon Ave,40.6868,-73.9593
Lafayette Ave & Fort Greene Pl,40.6869,-73.9767
Yankee Ferry Terminal,40.6869,-74.017
Cumberland St & Lafayette Ave,40.6875,-73.9727
Columbia St & Kane St,40.6876,-74.0016
Clermont Ave & Lafayette Ave,40.6876,-73.9697
Bond St & Schermerhorn St,40.6881,-73.9841
Fulton St & Rockwell Pl,40.6882,-73.9794
Congress St & Clinton St,40.6882,-73.9952
Greene Ave & Nostrand Ave,40.6883,-73.9509
Schermerhorn St & Bond St,40.6884,-73.9845
Lafayette Ave & St James Pl,40.6885,-73.9648
Lafayette Ave & Classon Ave,40.689,-73.9602
State St & Smith St,40.6893,-73.9891
DeKalb Ave & Vanderbilt Ave,40.6894,-73.9689
Greene Ave & Throop Ave,40.6895,-73.9421
Bond St & Fulton St,40.6896,-73.983
DeKalb Ave & S Portland Ave,40.6898,-73.9749
DeKalb Ave & Hudson Ave,40.6899,-73.981
Marcy Ave & Lafayette Ave,40.6901,-73.9479
Court St & State St,40.6902,-73.992
DeKalb Ave & Skillman St,40.6906,-73.9564
Kosciuszko St & Nostrand Ave,40.6907,-73.9513
Henry St & Atlantic Ave,40.6909,-73.9961
Schermerhorn St & Court St,40.691,-73.9918
Kosciuszko St & Tompkins Ave,40.6913,-73.9452
Atlantic Ave & Furman St,40.6917,-74
Washington Park,40.6918,-73.9737
Willoughby Ave & Hall St,40.692,-73.9654
Willoughby St & Fleet St,40.692,-73.9813
Duffield St & Willoughby St,40.6922,-73.9843
Soissons Landing,40.6923,-74.0149
Lawrence St & Willoughby St,40.6924,-73.9863
Clinton St & Joralemon St,40.6924,-73.9934
Fulton St & Adams St,40.6924,-73.9895
Lewis Ave & Kosciuszko St,40.6924,-73.9371
Adelphi St & Myrtle Ave,40.6931,-73.9718
Clinton Ave & Myrtle Ave,40.6933,-73.9689
Willoughby Ave & Walworth St,40.6933,-73.9538
Myrtle Ave & St Edwards St,40.6933,-73.977
Pulaski St & Marcus Garvey Blvd,40.6934,-73.9399
Emerson Pl & Myrtle Ave,40.6936,-73.9622
Cadman Plaza West & Montague St,40.6938,-73.9905
Willoughby Ave & Tompkins Ave,40.6943,-73.9463
Franklin Ave & Myrtle Ave,40.6945,-73.9581
Johnson St & Gold St,40.6947,-73.9836
Jay St & Tech Pl,40.6951,-73.9872
Hicks St & Montague St,40.6951,-73.996
Nostrand Ave & Myrtle Ave,40.6953,-73.9524
Myrtle Ave & Marcy Ave,40.6954,-73.9495
Clermont Ave & Park Ave,40.6957,-73.9713
Carlton Ave & Park Ave,40.6958,-73.9736
Cadman Plaza E & Tillary St,40.696,-73.9901
Washington Ave & Park Ave,40.6961,-73.9675
Park Ave & St Edwards St,40.6961,-73.978
Clinton St & Tillary St,40.6962,-73.9912
Throop Ave & Myrtle Ave,40.6962,-73.9437
Myrtle Ave & Lewis Ave,40.6968,-73.9376
Clark St & Henry St,40.6976,-73.9934
Concord St & Bridge St,40.6977,-73.9848
Carlton Ave & Flushing Ave,40.6978,-73.9737
Clinton Ave & Flushing Ave,40.6979,-73.9699
Nassau St & Navy St,40.6984,-73.9807
Park Ave & Marcus Garvey Blvd,40.6986,-73.9413
Brooklyn Bridge Park - Pier 2,40.6988,-73.9971
Tompkins Ave & Hopkins St,40.6996,-73.9471
Sands St & Navy St,40.6998,-73.9799
Cadman Plaza E & Red Cross Pl,40.6999,-73.9897
Union Ave & Wallabout St,40.7003,-73.9503
Columbia Heights & Cranberry St,40.7004,-73.9955
Henry St & Poplar St,40.7005,-73.9915
South St & Whitehall St,40.7012,-74.0123
York St & Jay St,40.7015,-73.9866
Broadway & Whipple St,40.7017,-73.9437
Bus Slip & State St,40.7019,-74.0139
Front St & Gold St,40.7022,-73.9826
Water - Whitehall Plaza,40.7026,-74.0127
Front St & Washington St,40.7026,-73.9894
Old Fulton St,40.7028,-73.9938
Pearl St & Anchorage Pl,40.7028,-73.9877
Humboldt St & Varet St,40.7032,-73.9406
South St & Gouverneur Ln,40.7036,-74.0067
Broad St & Bridge St,40.7037,-74.0117
Old Slip & Front St,40.7038,-74.0084
Lorimer St & Broadway,40.7041,-73.9482
Broadway & Battery Pl,40.7046,-74.0136
Pearl St & Hanover Square,40.7047,-74.0093
McKibbin St & Manhattan Ave,40.7051,-73.9441
Railroad Ave & Kay Ave,40.7053,-73.971
Front St & Maiden Ln,40.7053,-74.0061
Boerum St & Broadway,40.7054,-73.9498
Little West St & 1 Pl,40.7057,-74.0168
Leonard St & Boerum St,40.7058,-73.9464
Division Ave & Hooper St,40.7069,-73.9544
Division Ave & Marcy Ave,40.7071,-73.958
Maiden Ln & Pearl St,40.7071,-74.0073
William St & Pine St,40.7072,-74.0089
Kent Ave & S 11 St,40.7076,-73.9684
Montrose Ave & Bushwick Ave,40.7077,-73.9402
Expansion Warehouse 333 Johnson Ave,40.7077,-73.9345
Peck Slip & Front St,40.7079,-74.0017
Cliff St & Fulton St,40.7082,-74.0053
West Thames St,40.7083,-74.0171
Bedford Ave & S 9 St,40.7085,-73.9641
John St & William St,40.7086,-74.0072
Scholes St & Manhattan Ave,40.7087,-73.9449
Stagg St & Union Ave,40.7088,-73.951
Liberty St & Broadway,40.7091,-74.0104
Broadway & Roebling St,40.7092,-73.9606
S 4 St & Rodney St,40.7093,-73.9561
Fulton St & William St,40.7096,-74.0065
NJCU,40.7101,-74.0858
Broadway & Berry St,40.7104,-73.9653
Leonard St & Maujer St,40.7104,-73.9471
S 5 Pl & S 4 St,40.7105,-73.9609
Gold St & Frankfort St,40.7107,-74.0035
Market St & Cherry St,40.7108,-73.994
Fulton St & Broadway,40.7111,-74.0094
St James Pl & Pearl St,40.7112,-74.0002
Liberty Light Rail,40.7112,-74.0557
Catherine St & Monroe St,40.7112,-73.9968
South End Ave & Liberty St,40.7115,-74.0158
Hope St & Union Ave,40.7117,-73.9514
Pike St & Monroe St,40.7117,-73.9919
Graham Ave & Grand St,40.7119,-73.944
Cherry St,40.7122,-73.9795
Bushwick Ave & Powers St,40.7125,-73.941
S 3 St & Bedford Ave,40.7126,-73.9626
Madison St & Clinton St,40.7127,-73.9878
Centre St & Chambers St,40.7127,-74.0046
Essex Light Rail,40.7128,-74.0365
S 4 St & Wythe Ave,40.7129,-73.9659
Grand St & Havemeyer St,40.7129,-73.957
Barclay St & Church St,40.7129,-74.0102
St James Pl & Oliver St,40.7131,-73.9985
Madison St & Montgomery St,40.7131,-73.9848
Devoe St & Lorimer St,40.7134,-73.9491
Division St & Bowery,40.7141,-73.997
Paulus Hook,40.7141,-74.0336
Pike St & E Broadway,40.7141,-73.9929
Metropolitan Ave & Meeker Ave,40.7141,-73.9523
Henry St & Grand St,40.7142,-73.9813
Canal St & Rutgers St,40.7143,-73.9899
Reade St & Broadway,40.7145,-74.0056
Marin Light Rail,40.7146,-74.0428
Roebling St & N 4 St,40.7147,-73.9574
Warren St & Church St,40.7147,-74.0091
Murray St & Greenwich St,40.7149,-74.0112
Centre St & Worth St,40.7149,-74.0023
Murray St & West St,40.715,-74.013
Graham Ave & Conselyea St,40.7151,-73.9445
Vesey Pl & River Terrace,40.7153,-74.0166
Metropolitan Ave & Bedford Ave,40.7153,-73.9602
Clinton St & Grand St,40.7156,-73.987
Forsyth St & Canal St,40.7158,-73.9942
Bayard St & Baxter St,40.716,-73.9997
Union Ave & Jackson St,40.7161,-73.952
Allen St & Hester St,40.7161,-73.9919
Bialystoker Pl & Delancey St,40.7162,-73.9826
Exchange Place,40.7162,-74.0335
Hudson St & Reade St,40.7163,-74.0091
Jackson St & Leonard St,40.7164,-73.9482
NYCBS DEPOT - DELANCEY,40.7164,-73.9823
York St,40.7165,-74.041
JC Medical Center,40.7165,-74.0496
NYCBS Depot - PIT,40.7169,-73.9838
Wythe Ave & Metropolitan Ave,40.7169,-73.9632
Graham Ave & Withers St,40.717,-73.9449
Norfolk St & Broome St,40.7172,-73.988
Columbia St & Rivington St,40.7174,-73.9802
Duane St & Greenwich St,40.7175,-74.0105
N 6 St & Bedford Ave,40.7175,-73.9585
West St & Chambers St,40.7175,-74.0132
Leonard St & Church St,40.7176,-74.0055
Frost St & Meeker St,40.7176,-73.9488
N 8 St & Driggs Ave,40.7177,-73.956
City Hall,40.7177,-74.0438
Stanton St & Mangin St,40.7178,-73.9763
Columbus Drive,40.7184,-74.0389
Rivington St & Ridge St,40.7185,-73.9833
Van Vorst Park,40.7185,-74.0477
Harrison St & Hudson St,40.7187,-74.009
Grand St & Elizabeth St,40.7188,-73.996
Forsyth St & Broome St,40.7189,-73.9927
Berry St & N 8 St,40.719,-73.9585
Franklin St & W Broadway,40.7191,-74.0067
Howard St & Centre St,40.7191,-73.9997
Richardson St & N Henry St,40.7191,-73.9422
Bayard St & Leonard St,40.7192,-73.9489
Union Ave & N 12 St,40.7192,-73.9524
Harborsid,40.7193,-74.0342
Pitt St & Stanton St,40.7193,-73.9818
Graham Ave & Herbert St,40.7193,-73.945
Lispenard St & Broadway,40.7194,-74.0025
Grove St PATH,40.7196,-74.0431
Allen St & Rivington St,40.7202,-73.99
Kent Ave & N 7 St,40.7204,-73.9617
Suffolk St & Stanton St,40.7207,-73.9852
N 12 St & Bedford Ave,40.7208,-73.9548
Avenue D & E 3 St,40.7208,-73.9779
E 2 St & Avenue C,40.7209,-73.9809
Warren St,40.7211,-74.0381
Rivington St & Chrystie St,40.7211,-73.9919
Greenwich St & Hubert St,40.7213,-74.0101
N 11 St & Wythe Ave,40.7215,-73.9578
Newark Ave,40.7215,-74.0463
Eckford St & Engert Ave,40.7215,-73.948
Grand St & Greene St,40.7217,-74.0023
Driggs Ave & Lorimer St,40.7218,-73.9504
Laight St & Hudson St,40.7219,-74.0077
Cleveland Pl & Spring St,40.7221,-73.9972
Allen St & Stanton St,40.7221,-73.9891
E 2 St & Avenue B,40.7222,-73.9837
E 6 St & Avenue D,40.7223,-73.9767
Stanton St & Chrystie St,40.7223,-73.9915
6 Ave & Canal St,40.7224,-74.0057
E 5 St & Avenue C,40.723,-73.98
Bedford Ave & Nassau Ave,40.7231,-73.9521
Mott St & Prince St,40.7232,-73.9948
Driggs Ave & N Henry St,40.7233,-73.9431
Mercer St & Spring St,40.7236,-73.9995
Avenue D & E 8 St,40.7237,-73.9757
N 15 St & Wythe Ave,40.7241,-73.9557
Watts St & Greenwich St,40.7241,-74.0097
Lafayette St & Jersey St,40.7243,-73.996
E 6 St & Avenue B,40.7245,-73.9819
E 3 St & 1 Ave,40.7247,-73.9878
Nassau Ave & Newell St,40.7248,-73.9475
W Broadway & Spring Street,40.7249,-74.0017
W Broadway & Spring St,40.7249,-74.0015
E 2 St & 2 Ave,40.725,-73.9907
E 9 St & Avenue C,40.7252,-73.9777
NYCBS Depot - RIS,40.7252,-73.9747
6 Ave & Spring St,40.7253,-74.0041
Nassau Ave & Russell St,40.7256,-73.9443
Norman Ave & Leonard St,40.7258,-73.9507
Avenue D & E 12 St,40.7258,-73.9742
Norman Ave & Leonard St - 2,40.7258,-73.9506
Banker St & Meserole Ave,40.7261,-73.9562
E 7 St & Avenue A,40.7262,-73.9838
E 4 St & 2 Ave,40.7263,-73.9898
MacDougal St & Prince St,40.7271,-74.003
Meserole Ave & Manhattan Ave,40.7271,-73.953
Mercer St & Bleecker St,40.7271,-73.9966
Newport PATH,40.7272,-74.0338
Great Jones St,40.7274,-73.9938
E 10 St & Avenue A,40.7274,-73.9814
Hamilton Park,40.7276,-74.0442
Pier 40 - Hudson River Park,40.7277,-74.0113
St Marks Pl & 1 Ave,40.7278,-73.9856
E 12 St & Avenue B,40.728,-73.9788
St Marks Pl & 2 Ave,40.7284,-73.9871
Newport Pkwy,40.7287,-74.0321
Greenwich St & W Houston St,40.7288,-74.0086
Washington Pl & Broadway,40.729,-73.994
Milton St & Franklin St,40.7291,-73.9578
Cooper Square & E 7 St,40.7292,-73.9909
LaGuardia Pl & W 3 St,40.7292,-73.9981
E 14 St & Avenue B,40.7294,-73.9777
E 11 St & 1 Ave,40.7295,-73.9843
E 13 St & Avenue A,40.7296,-73.9806
Lafayette St & E 8 St,40.7302,-73.991
Greenpoint Ave & Manhattan Ave,40.7303,-73.9539
NYCBS Depot - STY - Garage 4,40.7304,-73.9748
Carmine St & 6 Ave,40.7304,-74.0021
E 11 St & 2 Ave,40.7305,-73.9867
Sullivan St & Washington Sq,40.7305,-73.9991
University Pl & E 8 St,40.7314,-73.9949
Barrow St & Hudson St,40.7317,-74.0067
India St & West St,40.7318,-73.96
E 12 St & 3 Ave,40.7322,-73.9889
Washington Pl & 6 Ave,40.7322,-74.0003
1 Ave & E 16 St,40.7322,-73.9817
India St & Manhattan Ave,40.7323,-73.9551
MacDougal St & Washington Sq,40.7323,-73.9985
E 11 St & Broadway,40.7326,-73.9916
Huron St & Franklin St,40.7327,-73.9583
Christopher St & Greenwich St,40.7329,-74.0071
E 20 St & FDR Drive,40.7331,-73.9757
E 10 St & 5 Ave,40.7333,-73.9951
1 Ave & E 18 St,40.7338,-73.9805
W 4 St & 7 Ave S,40.734,-74.0029
E 15 St & 3 Ave,40.7342,-73.9869
Broadway & E 14 St,40.7345,-73.9907
University Pl & E 14 St,40.7349,-73.992
Greenwich Ave & Charles St,40.7352,-74.0003
W 11 St & 6 Ave,40.7353,-73.998
E 16 St & Irving Pl,40.7354,-73.988
W 13 St & 5 Ave,40.7354,-73.9945
Perry St & Bleecker St,40.7354,-74.0048
McGuinness Blvd & Eagle St,40.7356,-73.9528
Franklin St & Dupont St,40.7356,-73.9587
E 20 St & 2 Ave,40.7359,-73.9821
Bank St & Washington St,40.7362,-74.0086
E 19 St & 3 Ave,40.7362,-73.9847
Bank St & Hudson St,40.7365,-74.0062
W 13 St & 6 Ave,40.7365,-73.997
E 23 St & 1 Ave,40.7365,-73.9781
E 17 St & Broadway,40.737,-73.9901
E 16 St & 5 Ave,40.7373,-73.9924
Dey St,40.7377,-74.0669
W 13 St & 7 Ave,40.7378,-73.9999
E 25 St & 1 Ave,40.7382,-73.9774
E 20 St & Park Ave,40.7383,-73.9875
Greenwich Ave & 8 Ave,40.739,-74.0026
E 25 St & 2 Ave,40.7391,-73.9797
Washington St & Gansevoort St,40.7393,-74.0081
E 27 St & 1 Ave,40.7394,-73.9768
W 15 St & 7 Ave,40.7394,-73.9993
W 18 St & 6 Ave,40.7397,-73.9946
W 13 St & Hudson St,40.74,-74.0051
Broadway & E 22 St,40.7403,-73.9896
Lexington Ave & E 24 St,40.7403,-73.9841
8 Ave & W 16 St,40.741,-74.0017
E 24 St & Park Ave S,40.741,-73.986
1 Ave & E 30 St,40.7414,-73.9754
Center Blvd & Borden Ave,40.7416,-73.9604
W 21 St & 6 Ave,40.7417,-73.9942
W 17 St & 8 Ave,40.7418,-74.0015
Vernon Blvd & 50 Ave,40.7423,-73.9541
W 20 St & 7 Ave,40.7424,-73.9973
Broadway & W 24 St,40.7424,-73.9892
W 15 St & 10 Ave,40.7428,-74.0075
2 Ave & E 31 St,40.7429,-73.9771
47 Ave & 31 St,40.743,-73.9356
Lexington Ave & E 29 St,40.7431,-73.9822
9 Ave & W 18 St,40.7432,-74.0037
W 16 St & The High Line,40.7433,-74.0068
W 20 St & 8 Ave,40.7435,-74
E 31 St & 3 Ave,40.7439,-73.9797
E 33 St & 2 Ave,40.744,-73.9761
W 25 St & 6 Ave,40.744,-73.9914
FDR Drive & E 35 St,40.7442,-73.9712
E 30 St & Park Ave S,40.7444,-73.983
48 Ave & 5 St,40.7444,-73.9559
31 St & Thomson Ave,40.7447,-73.9354
W 22 St & 8 Ave,40.7448,-73.9992
W 24 St & 7 Ave,40.7449,-73.9953
Jackson Ave & 46 Rd,40.7452,-73.9473
5 Ave & E 29 St,40.7452,-73.9868
9 Ave & W 22 St,40.7455,-74.002
E 32 St & Park Ave,40.7457,-73.9819
Broadway & W 29 St,40.7462,-73.9886
E 35 St & 3 Ave,40.7465,-73.9779
W 27 St & 7 Ave,40.7466,-73.9939
W 20 St & 11 Ave,40.7467,-74.0078
W 22 St & 10 Ave,40.7469,-74.0045
45 Rd & 11 St,40.7471,-73.9498
44 Dr & Jackson Ave,40.7472,-73.9433
W 26 St & 8 Ave,40.7473,-73.9972
46 Ave & 5 St,40.7473,-73.9545
E 33 St & 5 Ave,40.7477,-73.9849
E 39 St & 2 Ave,40.7478,-73.9734
Broadway & W 32 St,40.7485,-73.9881
E 39 St & 3 Ave,40.7489,-73.976
6 Ave & W 33 St,40.749,-73.9885
W 31 St & 7 Ave,40.7492,-73.9916
9 Ave & W 28 St,40.7494,-73.9992
9 St & 44 Rd,40.7497,-73.9521
W 26 St & 10 Ave,40.7497,-74.003
1 Ave & E 44 St,40.75,-73.9691
W 33 St & 7 Ave,40.7502,-73.9909
W 27 St & 10 Ave,40.7502,-74.0022
W 37 St & 5 Ave,40.7504,-73.9834
21 St & 43 Ave,40.7505,-73.9459
8 Ave & W 31 St,40.7506,-73.9947
Broadway & W 36 St,40.751,-73.9877
Queens Plaza North & Crescent St,40.7511,-73.9407
E 44 St & 2 Ave,40.7512,-73.9714
11 Ave & W 27 St,40.7514,-74.0052
8 Ave & W 33 St,40.7516,-73.9939
Pershing Square South,40.7516,-73.9779
Broadway & W 37 St,40.7517,-73.9875
Pershing Square North,40.7519,-73.9777
E 40 St & 5 Ave,40.7521,-73.9816
E 47 St & 1 Ave,40.7521,-73.9678
E 41 St & Madison Ave,40.7522,-73.9799
W 37 St & Broadway,40.7523,-73.9877
E 45 St & 3 Ave,40.7526,-73.9728
24 St & 41 Ave,40.7527,-73.9397
10 Hudson Yards,40.753,-74.0026
37 Ave & 35 St,40.7531,-73.928
E 47 St & 2 Ave,40.7532,-73.9703
21 St & Queens Plaza North,40.7533,-73.9434
W 36 St & 9 Ave,40.7546,-73.9952
E 51 St & 1 Ave,40.7546,-73.9659
E 48 St & 3 Ave,40.7546,-73.9719
W 38 St & 8 Ave,40.7547,-73.9914
28 St & 38 Ave,40.7549,-73.9343
W 44 St & 5 Ave,40.755,-73.9801
E 47 St & Park Ave,40.7551,-73.975
Broadway & W 41 St,40.7551,-73.9866
Vernon Blvd & 41 Rd,40.7552,-73.9486
W 43 St & 6 Ave,40.7553,-73.9832
35 Ave & 37 St,40.7557,-73.9237
W 34 St & 11 Ave,40.7559,-74.0021
E 52 St & 2 Ave,40.756,-73.9674
W 41 St & 8 Ave,40.7564,-73.99
W 37 St & 10 Ave,40.7566,-73.9979
W 45 St & 6 Ave,40.7567,-73.9826
34 Ave & 38 St,40.7569,-73.9216
34 St & 35 Ave,40.7569,-73.9262
E 51 St & Lexington Ave,40.7571,-73.9721
E 48 St & 5 Ave,40.7572,-73.9781
28 St & 36 Ave,40.7572,-73.9327
W 42 St & 8 Ave,40.7576,-73.991
E 53 St & 3 Ave,40.7576,-73.9693
E 55 St & 2 Ave,40.758,-73.966
35 St & 34 Ave,40.7581,-73.9243
E 58 St & 1 Ave,40.7589,-73.9623
W 42 St & Dyer Ave,40.759,-73.9938
E 55 St & 3 Ave,40.759,-73.9687
NYCBS Depot BAL - DYR,40.759,-73.9939
E 60 St & York Ave,40.7591,-73.9592
W 45 St & 8 Ave,40.7593,-73.9886
Crescent St & 35 Ave,40.7596,-73.9321
Newton Rd & 44 St,40.7596,-73.9143
E 55 St & Lexington Ave,40.7597,-73.9703
E 53 St & Madison Ave,40.7597,-73.974
W 52 St & 5 Ave,40.7599,-73.9765
W 43 St & 10 Ave,40.7601,-73.9946
9 Ave & W 45 St,40.7602,-73.9913
21 St & 36 Ave,40.7602,-73.9363
11 Ave & W 41 St,40.7603,-73.9988
Broadway & W 49 St,40.7607,-73.9845
12 Ave & W 40 St,40.7609,-74.0028
E 58 St & 3 Ave,40.761,-73.9672
1 Ave & E 62 St,40.7612,-73.9609
W 52 St & 6 Ave,40.7613,-73.9798
36 Ave & 10 St,40.7614,-73.9411
31 St & Broadway,40.7616,-73.9259
W 49 St & 8 Ave,40.7623,-73.9879
Broadway & W 51 St,40.7623,-73.9834
W 47 St & 10 Ave,40.7627,-73.993
11 St & 35 Ave,40.7627,-73.9391
34 Ave & 21 St,40.7628,-73.9343
E 58 St & Madison Ave,40.763,-73.9721
W 55 St & 6 Ave,40.7631,-73.9784
3 Ave & E 62 St,40.7631,-73.9653
31 Ave & 34 St,40.7632,-73.9208
Crescent St & Broadway,40.7634,-73.9286
Broadway & W 53 St,40.7634,-73.9827
W 46 St & 11 Ave,40.7634,-73.9967
E 59 St & Madison Ave,40.7635,-73.9711
8 Ave & W 52 St,40.7637,-73.9852
34 Ave & 13 St,40.7639,-73.9365
Lexington Ave & E 63 St,40.7644,-73.9665
Grand Army Plaza & Central Park S,40.7644,-73.9737
W 52 St & 9 Ave,40.7646,-73.9879
31 Ave & 30 St,40.7647,-73.924
E 65 St & 2 Ave,40.7647,-73.9622
1 Ave & E 68 St,40.765,-73.9582
Broadway & W 56 St,40.7653,-73.9819
W 54 St & 9 Ave,40.7658,-73.9869
31 Ave & Crescent St,40.7658,-73.9265
21 St & 31 Dr,40.7659,-73.9308
Central Park S & 6 Ave,40.7659,-73.9763
5 Ave & E 63 St,40.7664,-73.9715
E 72 St & York Ave,40.7666,-73.9535
W 53 St & 10 Ave,40.7667,-73.9906
Broadway & 12 St,40.7668,-73.9348
Broadway & W 58 St,40.767,-73.9817
E 71 St & 1 Ave,40.767,-73.9562
E 68 St & 3 Ave,40.7671,-73.9622
Vernon Blvd & 10 St,40.7672,-73.9374
W 52 St & 11 Ave,40.7673,-73.9939
E 67 St & Park Ave,40.7678,-73.9659
E 66 St & Madison Ave,40.768,-73.9685
W 56 St & 10 Ave,40.7683,-73.9886
3 Ave & E 71 St,40.7687,-73.9612
E 74 St & 1 Ave,40.769,-73.9548
Vernon Blvd & 31 Ave,40.7692,-73.9355
E 68 St & Madison Ave,40.7692,-73.967
Broadway & W 60 St,40.7692,-73.9819
3 Ave & E 72 St,40.7699,-73.9606
W 59 St & 10 Ave,40.7705,-73.988
Vernon Blvd & 30 Rd,40.7708,-73.9342
E 75 St & 3 Ave,40.7711,-73.9577
E 72 St & Park Ave,40.7712,-73.9641
1 Ave & E 78 St,40.7714,-73.9535
11 Ave & W 59 St,40.7715,-73.9905
W 63 St & Broadway,40.7716,-73.9826
E 76 St & 3 Ave,40.7722,-73.9584
E 82 St & East End Ave,40.7725,-73.9468
E 81 St & York Ave,40.7728,-73.9499
5 Ave & E 73 St,40.7728,-73.9669
E 78 St & 2 Ave,40.7728,-73.9558
Central Park West & W 68 St,40.7734,-73.9778
E 76 St & Park Ave,40.7738,-73.9622
E 80 St & 2 Ave,40.7739,-73.9544
W 64 St & West End Ave,40.7745,-73.9875
Amsterdam Ave & W 66 St,40.7747,-73.9847
W 67 St & Broadway,40.7749,-73.9827
East End Ave & E 86 St,40.7752,-73.9445
E 85 St & York Ave,40.7754,-73.948
E 81 St & 3 Ave,40.7757,-73.9568
E 84 St & 1 Ave,40.7757,-73.9507
Central Park West & W 72 St,40.7758,-73.9762
5 Ave & E 78 St,40.7763,-73.9643
E 81 St & Park Ave,40.7768,-73.959
Columbus Ave & W 72 St,40.7771,-73.979
W 70 St & Amsterdam Ave,40.7775,-73.9829
Riverside Blvd & W 67 St,40.7775,-73.9889
E 89 St & York Ave,40.7779,-73.946
E 85 St & 3 Ave,40.778,-73.9541
Madison Ave & E 82 St,40.7781,-73.9607
E 88 St & 1 Ave,40.7783,-73.9488
E 84 St & Park Ave,40.7786,-73.9577
W 74 St & Columbus Ave,40.7786,-73.9775
Central Park West & W 76 St,40.779,-73.9737
Amsterdam Ave & W 73 St,40.7797,-73.9809
W 76 St & Columbus Ave,40.7802,-73.9773
Riverside Dr & W 72 St,40.7806,-73.9856
E 89 St & 3 Ave,40.7806,-73.9522
E 91 St & 2 Ave,40.7811,-73.9497
E 88 St & Park Ave,40.7814,-73.956
1 Ave & E 94 St,40.7817,-73.9459
E 93 St & 2 Ave,40.7825,-73.9489
W 82 St & Central Park West,40.7828,-73.9714
Amsterdam Ave & W 79 St,40.7829,-73.9787
5 Ave & E 88 St,40.7831,-73.9594
W 78 St & Broadway,40.7834,-73.9809
E 91 St & Park Ave,40.7835,-73.9553
2 Ave & E 96 St,40.784,-73.9472
Riverside Dr & W 78 St,40.7841,-73.9836
Central Park West & W 85 St,40.7847,-73.9696
E 95 St & 3 Ave,40.7849,-73.9505
W 84 St & Columbus Ave,40.785,-73.9728
Amsterdam Ave & W 82 St,40.7852,-73.9767
5 Ave & E 93 St,40.7858,-73.9575
E 97 St & 3 Ave,40.7859,-73.9486
2 Ave & E 99 St,40.7863,-73.9455
W 84 St & Broadway,40.7868,-73.9771
E 102 St & 1 Ave,40.787,-73.9416
Riverside Dr & W 82 St,40.7872,-73.9813
3 Ave & E 100 St,40.7877,-73.9473
E 97 St & Madison Ave,40.7878,-73.9536
W 89 St & Columbus Ave,40.7882,-73.9704
W 87 St  & Amsterdam Ave,40.7884,-73.9747
2 Ave  & E 104 St,40.7892,-73.9437
E 106 St & 1 Ave,40.7893,-73.9396
Madison Ave & E 99 St,40.7895,-73.9524
W 90 St & Amsterdam Ave,40.7902,-73.9729
E 103 St & Lexington Ave,40.7903,-73.9476
W 88 St & West End Ave,40.7903,-73.9772
E 102 St & Park Ave,40.7905,-73.9503
Central Park W & W 96 St,40.7913,-73.9648
Riverside Dr & W 89 St,40.7918,-73.9786
E 106 St & Lexington Ave,40.792,-73.946
Columbus Ave & W 95 St,40.792,-73.9681
W 92 St & Broadway,40.7921,-73.9739
5 Ave & E 103 St,40.7923,-73.9525
1 Ave & E 110 St,40.7923,-73.9383
Riverside Dr & W 91 St,40.7931,-73.977
E 109 St & 3 Ave,40.7933,-73.9432
E 106 St & Madison Ave,40.7934,-73.9495
Central Park West & W 100 St,40.7934,-73.9636
W 95 St & Broadway,40.7938,-73.9719
West End Ave & W 94 St,40.7942,-73.9741
E 114 St & 1 Ave,40.7946,-73.9363
Pleasant Ave & E 116 St,40.795,-73.9333
W 100 St & Manhattan Ave,40.795,-73.9645
Central Park West & W 102 St,40.7953,-73.9619
Lexington Ave & E 111 St,40.7954,-73.9441
3 Ave & E 112 St,40.7955,-73.9416
E 110 St & Madison Ave,40.7962,-73.9478
E 116 St & 2 Ave,40.7969,-73.9373
Columbus Ave & W 103 St,40.7969,-73.9643
W 100 St & Broadway,40.7974,-73.9704
E 115 St & Lexington Ave,40.7979,-73.9423
W 106 St & Central Park West,40.7982,-73.9606
E 115 St & Madison Ave,40.7989,-73.9448
W 104 St & Amsterdam Ave,40.799,-73.9662
E 118 St & 3 Ave,40.7991,-73.9389
Central Park North & Adam Clayton Powell Blvd,40.7995,-73.9556
W 107 St & Columbus Ave,40.7998,-73.9621
E 118 St & Park Ave,40.8005,-73.942
2 Ave & E 122 St,40.8007,-73.9349
W 106 St & Amsterdam Ave,40.8008,-73.9664
Lenox Ave & W 115 St,40.8012,-73.9501
Lexington Ave & E 120 St,40.8013,-73.9398
Riverside Dr & W 104 St,40.8013,-73.9711
E 118 St & Madison Ave,40.8015,-73.9443
Frederick Douglass Blvd & W 112 St,40.8017,-73.9571
West End Ave & W 107 St,40.8021,-73.9682
Adam Clayton Powell Blvd & W 115 St,40.8025,-73.9532
W 110 St & Amsterdam Ave,40.8027,-73.963
E 123 St & Lexington Ave,40.8029,-73.9379
Madison Ave & E 120 St,40.803,-73.943
Mt Morris Park W & W 120 St,40.804,-73.9459
Cathedral Pkwy & Broadway,40.8042,-73.967
Park Ave & E 124 St,40.8046,-73.9397
W 113 St & Broadway,40.806,-73.9649
Adam Clayton Powell Blvd & W 123 St,40.8078,-73.9494
W 116 St & Broadway,40.8082,-73.9641
Lenox Ave & W 126 St,40.8084,-73.9452
Amsterdam Ave & W 119 St,40.8086,-73.9596
St Nicholas Ave & Manhattan Ave,40.8097,-73.9531
Morningside Ave & W 123 St,40.81,-73.9552
Lenox Ave & W 130 St,40.8108,-73.9431
St. Nicholas Ave & W 126 St,40.8114,-73.9519
Broadway & W 122 St,40.8121,-73.9613
Frederick Douglass Blvd & W 129 St,40.8126,-73.9492
Amsterdam Ave & W 125 St,40.8134,-73.9565
Broadway & Moylan Pl,40.8143,-73.959
